{"cameraMode":{"drawMode":0,"name":"Shaded","section":"Shading Mode"},"sceneLighting":true,"audioPlay":false,"sceneViewState":{"m_AlwaysRefresh":false,"showFog":true,"showSkybox":true,"showFlares":true,"showImageEffects":true,"showParticleSystems":true,"showVisualEffectGraphs":true,"m_FxEnabled":true},"in2DMode":false,"pivot":{"x":1.3754925727844239,"y":60.239505767822269,"z":2.0832600593566896},"rotation":{"x":0.1796986311674118,"y":0.4133174419403076,"z":-0.08356916159391403,"w":0.8887646794319153},"size":45.46294021606445,"orthographic":true}