{"cameraMode":{"drawMode":0,"name":"Shaded","section":"Shading Mode"},"sceneLighting":true,"audioPlay":false,"sceneViewState":{"m_AlwaysRefresh":false,"showFog":true,"showSkybox":true,"showFlares":true,"showImageEffects":true,"showParticleSystems":true,"showVisualEffectGraphs":true,"m_FxEnabled":true},"in2DMode":false,"pivot":{"x":16.849884033203126,"y":44.56918716430664,"z":4.651889801025391},"rotation":{"x":0.37926027178764346,"y":0.34222933650016787,"z":-0.15349918603897096,"w":0.845908522605896},"size":101.92748260498047,"orthographic":true}