{"cameraMode":{"drawMode":0,"name":"Shaded","section":"Shading Mode"},"sceneLighting":true,"audioPlay":false,"sceneViewState":{"m_AlwaysRefresh":false,"showFog":true,"showSkybox":true,"showFlares":true,"showImageEffects":true,"showParticleSystems":true,"showVisualEffectGraphs":true,"m_FxEnabled":true},"in2DMode":false,"pivot":{"x":0.05056694895029068,"y":113.33089447021485,"z":-106.05342102050781},"rotation":{"x":0.16660833358764649,"y":0.010353052988648415,"z":-0.001749450690113008,"w":0.9859676361083984},"size":29.58479881286621,"orthographic":true}