{"cameraMode":{"drawMode":0,"name":"Shaded","section":"Shading Mode"},"sceneLighting":true,"audioPlay":false,"sceneViewState":{"m_AlwaysRefresh":false,"showFog":true,"showSkybox":true,"showFlares":true,"showImageEffects":true,"showParticleSystems":true,"showVisualEffectGraphs":true,"m_FxEnabled":true},"in2DMode":false,"pivot":{"x":-1.3744021654129029,"y":23.119590759277345,"z":-1.074118733406067},"rotation":{"x":-0.19750942289829255,"y":0.6273241639137268,"z":-0.16877096891403199,"w":-0.7341477274894714},"size":23.098697662353517,"orthographic":false}