{"cameraMode":{"drawMode":0,"name":"Shaded","section":"Shading Mode"},"sceneLighting":true,"audioPlay":false,"sceneViewState":{"m_AlwaysRefresh":false,"showFog":true,"showSkybox":true,"showFlares":true,"showImageEffects":true,"showParticleSystems":true,"showVisualEffectGraphs":true,"m_FxEnabled":true},"in2DMode":false,"pivot":{"x":-7.152557373046875e-7,"y":380.5903015136719,"z":-0.0000011920928955078126},"rotation":{"x":0.20713670551776887,"y":0.4146031439304352,"z":-0.09755583107471466,"w":0.880775511264801},"size":26.75504493713379,"orthographic":true}