{"cameraMode":{"drawMode":0,"name":"Shaded","section":"Shading Mode"},"sceneLighting":true,"audioPlay":false,"sceneViewState":{"m_AlwaysRefresh":false,"showFog":true,"showSkybox":true,"showFlares":true,"showImageEffects":true,"showParticleSystems":true,"showVisualEffectGraphs":true,"m_FxEnabled":true},"in2DMode":false,"pivot":{"x":2.8757145404815676,"y":8.478524208068848,"z":-9.347373008728028},"rotation":{"x":0.2225286364555359,"y":-0.11086328327655792,"z":0.025478709489107133,"w":0.9682689905166626},"size":7.011826515197754,"orthographic":true}