{"cameraMode":{"drawMode":0,"name":"Shaded","section":"Shading Mode"},"sceneLighting":true,"audioPlay":false,"sceneViewState":{"m_AlwaysRefresh":false,"showFog":true,"showSkybox":true,"showFlares":true,"showImageEffects":true,"showParticleSystems":true,"showVisualEffectGraphs":true,"m_FxEnabled":true},"in2DMode":false,"pivot":{"x":-7.152557373046875e-7,"y":150.59031677246095,"z":-0.0000011920928955078126},"rotation":{"x":-0.05895647034049034,"y":-0.7762911319732666,"z":0.0736796036362648,"w":-0.6233606934547424},"size":15.326272010803223,"orthographic":true}