{"cameraMode":{"drawMode":0,"name":"Shaded","section":"Shading Mode"},"sceneLighting":true,"audioPlay":false,"sceneViewState":{"m_AlwaysRefresh":false,"showFog":true,"showSkybox":true,"showFlares":true,"showImageEffects":true,"showParticleSystems":true,"showVisualEffectGraphs":true,"m_FxEnabled":true},"in2DMode":false,"pivot":{"x":2.8757145404815676,"y":8.478524208068848,"z":-9.347373008728028},"rotation":{"x":0.31431543827056887,"y":-0.10791069269180298,"z":0.03598814457654953,"w":0.9424817562103272},"size":7.019716739654541,"orthographic":true}